FK_Name,Table_Schema,Table_NamE,Column_Name,Ref_Schema,Ref_Table,Ref_Column
FK_Cajero_Dealer,dbo,Cajero,CodPais,dbo,Dealer,CodPais
FK_Cajero_Pais,dbo,Cajero,CodPais,dbo,Pais,CodPais
FK_Cajero_Dealer,dbo,Cajero,Dealer,dbo,Dealer,Codigo
FK_DetPlanilla_Empleado,dbo,DetPlanilla,CodPais,dbo,NominaEmpleado,CodPais
FK_DetPlanilla_Planilla,dbo,DetPlanilla,CodPais,dbo,Planilla,CodPais
FK_DetPlanilla_Empleado,dbo,DetPlanilla,Dealer,dbo,NominaEmpleado,Dealer
FK_DetPlanilla_Planilla,dbo,DetPlanilla,Dealer,dbo,Planilla,Dealer
FK_DetPlanilla_Planilla,dbo,DetPlanilla,Planilla,dbo,Planilla,Planilla
FK_DetPlanilla_Empleado,dbo,DetPlanilla,Empleado,dbo,NominaEmpleado,Numero
FK_ContratosCliente_Cliente,dbo,ContratosCliente,CodPais,dbo,Cliente,CodPais
FK_ContratosCliente_Cliente,dbo,ContratosCliente,Dealer,dbo,Cliente,Dealer
FK_ContratosCliente_Cliente,dbo,ContratosCliente,ClienteNo,dbo,Cliente,ClienteNo
FK_TelefonoCliente_Cliente,dbo,TelefonoCliente,CodPais,dbo,Cliente,CodPais
FK_TelefonoCliente_Cliente,dbo,TelefonoCliente,Dealer,dbo,Cliente,Dealer
FK_TelefonoCliente_Cliente,dbo,TelefonoCliente,ClienteNo,dbo,Cliente,ClienteNo
FK_GrupoProducto_Pais,dbo,GrupoProducto,CodPais,dbo,Pais,CodPais
FK_Planilla_TipoPlanilla,dbo,Planilla,CodPais,dbo,TipoPlanilla,CodPais
FK_Planilla_TipoPlanilla,dbo,Planilla,Dealer,dbo,TipoPlanilla,Dealer
FK_Planilla_TipoPlanilla,dbo,Planilla,TipoPlanilla,dbo,TipoPlanilla,Tipo
FK_DetLiqCajaChica_ComprasChica,dbo,DetLiqCajaChica,CodPais,dbo,ComprasChica,CodPais
FK_DetLiqCajaChica_ComprasChica,dbo,DetLiqCajaChica,Dealer,dbo,ComprasChica,Dealer
FK_DetLiqCajaChica_ComprasChica,dbo,DetLiqCajaChica,Tda,dbo,ComprasChica,Tda
FK_DetLiqCajaChica_ComprasChica,dbo,DetLiqCajaChica,Proveedor,dbo,ComprasChica,Proveedor
FK_DetLiqCajaChica_ComprasChica,dbo,DetLiqCajaChica,SerieDoc,dbo,ComprasChica,Serie
FK_DetLiqCajaChica_ComprasChica,dbo,DetLiqCajaChica,TipoDoc,dbo,ComprasChica,TipoDoc
FK_DetLiqCajaChica_ComprasChica,dbo,DetLiqCajaChica,DocNo,dbo,ComprasChica,DocNo
FK_Config_Dealer,dbo,Config,CodPais,dbo,Dealer,CodPais
FK_Config_Pais,dbo,Config,CodPais,dbo,Pais,CodPais
FK_Config_Dealer,dbo,Config,Dealer,dbo,Dealer,Codigo
fk_FactTemp_ClienteNo,dbo,FacturaTemp,CodPais,dbo,Cliente,CodPais
fk_FactTemp_ClienteNo,dbo,FacturaTemp,Dealer,dbo,Cliente,Dealer
fk_FactTemp_ClienteNo,dbo,FacturaTemp,ClienteNo,dbo,Cliente,ClienteNo
FK_MaterialProduccion_Bodega,dbo,MaterialProduccion,CodPais,dbo,Bodega,CodPais
FK_MaterialProduccion_DEALERS,dbo,MaterialProduccion,CodPais,dbo,Dealer,CodPais
FK_MaterialProduccion_PAISES,dbo,MaterialProduccion,CodPais,dbo,Pais,CodPais
FK_MaterialProduccion_OrdenProduccion,dbo,MaterialProduccion,CodPais,dbo,OrdenProduccion,CodPais
FK_MaterialProduccion_Bodega,dbo,MaterialProduccion,Dealer,dbo,Bodega,Dealer
FK_MaterialProduccion_DEALERS,dbo,MaterialProduccion,Dealer,dbo,Dealer,Codigo
FK_MaterialProduccion_OrdenProduccion,dbo,MaterialProduccion,Dealer,dbo,OrdenProduccion,Dealer
FK_MaterialProduccion_OrdenProduccion,dbo,MaterialProduccion,SerieOrden,dbo,OrdenProduccion,Serie
FK_MaterialProduccion_OrdenProduccion,dbo,MaterialProduccion,OrdenNo,dbo,OrdenProduccion,OrdenNo
FK_MaterialProduccion_Bodega,dbo,MaterialProduccion,Bodega,dbo,Bodega,Bodega
FK_SaldoSemanal_Inventario,dbo,SaldoSemanal,CodPais,dbo,Inventario,CodPais
FK_SaldoSemanal_Inventario,dbo,SaldoSemanal,Dealer,dbo,Inventario,Dealer
FK_SaldoSemanal_Inventario,dbo,SaldoSemanal,Codigo,dbo,Inventario,Codigo
FK_Temporada_Dealer,dbo,Temporada,CodPais,dbo,Dealer,CodPais
FK_Temporada_Pais,dbo,Temporada,CodPais,dbo,Pais,CodPais
FK_Temporada_Dealer,dbo,Temporada,Dealer,dbo,Dealer,Codigo
FK_Movimiento_Catalogo,dbo,Movimiento,CodPais,dbo,Catalogo,CodPais
FK_Movimiento_Dealer,dbo,Movimiento,CodPais,dbo,Dealer,CodPais
FK_Movimiento_MesContable,dbo,Movimiento,CodPais,dbo,MesContable,CodPais
FK_Movimiento_Pais,dbo,Movimiento,CodPais,dbo,Pais,CodPais
FK_Movimiento_Partida,dbo,Movimiento,CodPais,dbo,Partida,CodPais
FK_Movimiento_Catalogo,dbo,Movimiento,Dealer,dbo,Catalogo,Dealer
FK_Movimiento_Dealer,dbo,Movimiento,Dealer,dbo,Dealer,Codigo
FK_Movimiento_MesContable,dbo,Movimiento,Dealer,dbo,MesContable,Dealer
FK_Movimiento_Partida,dbo,Movimiento,Dealer,dbo,Partida,Dealer
FK_Movimiento_Catalogo,dbo,Movimiento,Mes,dbo,Catalogo,Mes
FK_Movimiento_MesContable,dbo,Movimiento,Mes,dbo,MesContable,Mes
FK_Movimiento_Partida,dbo,Movimiento,Mes,dbo,Partida,Mes
FK_Movimiento_Partida,dbo,Movimiento,Fecha,dbo,Partida,Fecha
FK_Movimiento_Partida,dbo,Movimiento,Partida,dbo,Partida,Partida
FK_Movimiento_Catalogo,dbo,Movimiento,Codigo,dbo,Catalogo,Codigo
FK_Traslado_Bodega,dbo,Traslado,CodPais,dbo,Bodega,CodPais
FK_Traslado_Bodega1,dbo,Traslado,CodPais,dbo,Bodega,CodPais
FK_Traslado_Bodega,dbo,Traslado,Dealer,dbo,Bodega,Dealer
FK_Traslado_Bodega1,dbo,Traslado,Dealer,dbo,Bodega,Dealer
FK_Traslado_Bodega,dbo,Traslado,DeBodega,dbo,Bodega,Bodega
FK_Traslado_Bodega1,dbo,Traslado,ParaBodega,dbo,Bodega,Bodega
fk_FactMasa_ClienteNo,dbo,FacturaMasa,CodPais,dbo,Cliente,CodPais
fk_FactMasa_ClienteNo,dbo,FacturaMasa,Dealer,dbo,Cliente,Dealer
fk_FactMasa_ClienteNo,dbo,FacturaMasa,ClienteNo,dbo,Cliente,ClienteNo
FK_DetOrdenCompra_OrdenCompra,dbo,DetOrdenCompra,CodPais,dbo,OrdenCompra,CodPais
FK_DetOrdenCompra_OrdenCompra,dbo,DetOrdenCompra,Dealer,dbo,OrdenCompra,Dealer
FK_DetOrdenCompra_OrdenCompra,dbo,DetOrdenCompra,Tda,dbo,OrdenCompra,Tda
FK_DetOrdenCompra_OrdenCompra,dbo,DetOrdenCompra,OrdenNo,dbo,OrdenCompra,OrdenCompra
FK_Contrato_Pais,dbo,Contrato,CodPais,dbo,Pais,CodPais
FK_Contrato_Dealer,dbo,Contrato,CodPais,dbo,Dealer,CodPais
FK_Contrato_Sucursal,dbo,Contrato,CodPais,dbo,Sucursal,CodPais
FK_Contrato_Dealer,dbo,Contrato,Dealer,dbo,Dealer,Codigo
FK_Contrato_Sucursal,dbo,Contrato,Dealer,dbo,Sucursal,Dealer
FK_Contrato_Sucursal,dbo,Contrato,Tda,dbo,Sucursal,Sucursal
FK__DetFacturaMasa__0BBD6DF4,dbo,DetFacturaMasa,CodPais,dbo,FacturaMasa,CodPais
FK__DetFacturaMasa__0BBD6DF4,dbo,DetFacturaMasa,Dealer,dbo,FacturaMasa,Dealer
FK__DetFacturaMasa__0BBD6DF4,dbo,DetFacturaMasa,Tda,dbo,FacturaMasa,Tda
FK__DetFacturaMasa__0BBD6DF4,dbo,DetFacturaMasa,No,dbo,FacturaMasa,No
FK_DetNotaCredito_Bodega,dbo,DetNotaCredito,CodPais,dbo,Bodega,CodPais
FK_DetNotaCredito_NotaCredito,dbo,DetNotaCredito,CodPais,dbo,NotaCredito,CodPais
FK_DetNotaCredito_Inventario,dbo,DetNotaCredito,CodPais,dbo,Inventario,CodPais
FK_DetNotaCredito_Bodega,dbo,DetNotaCredito,Dealer,dbo,Bodega,Dealer
FK_DetNotaCredito_NotaCredito,dbo,DetNotaCredito,Dealer,dbo,NotaCredito,Dealer
FK_DetNotaCredito_Inventario,dbo,DetNotaCredito,Dealer,dbo,Inventario,Dealer
FK_DetNotaCredito_NotaCredito,dbo,DetNotaCredito,Tda,dbo,NotaCredito,Tda
FK_DetNotaCredito_NotaCredito,dbo,DetNotaCredito,Serie,dbo,NotaCredito,SerieNC
FK_DetNotaCredito_NotaCredito,dbo,DetNotaCredito,No,dbo,NotaCredito,No
FK_DetNotaCredito_NotaCredito,dbo,DetNotaCredito,NotaAbono,dbo,NotaCredito,NotaAbono
FK_DetNotaCredito_Bodega,dbo,DetNotaCredito,Bodega,dbo,Bodega,Bodega
FK_DetNotaCredito_Inventario,dbo,DetNotaCredito,Codigo,dbo,Inventario,Codigo
FK_DevengoPermanente_TipoDevDesc,dbo,DevengoPermanente,CodPais,dbo,TipoDevDesc,CodPais
FK_DevengoPermanente_TipoDevDesc,dbo,DevengoPermanente,Dealer,dbo,TipoDevDesc,Dealer
FK_DevengoPermanente_TipoDevDesc,dbo,DevengoPermanente,Codigo,dbo,TipoDevDesc,Codigo
FK_PUNTOS_INV,dbo,PuntosPremio,CodPais,dbo,Inventario,CodPais
FK_PUNTOS_INV,dbo,PuntosPremio,Dealer,dbo,Inventario,Dealer
FK_PUNTOS_INV,dbo,PuntosPremio,Codigo,dbo,Inventario,Codigo
FK_Banco_Dealer,dbo,Banco,CodPais,dbo,Dealer,CodPais
FK_Banco_Pais,dbo,Banco,CodPais,dbo,Pais,CodPais
FK_Banco_Dealer,dbo,Banco,Dealer,dbo,Dealer,Codigo
FK_OrdenProduccion_TipoOrden,dbo,OrdenProduccion,CodPais,dbo,TipoOrden,CodPais
FK_OrdenProduccion_TipoOrden,dbo,OrdenProduccion,Dealer,dbo,TipoOrden,Dealer
FK_OrdenProduccion_TipoOrden,dbo,OrdenProduccion,Tipo,dbo,TipoOrden,Tipo
FK_DetNotaCreditoDesc_Bodega,dbo,DetNotaCreditoDesc,CodPais,dbo,Bodega,CodPais
FK_DetNotaCreditoDesc_Bodega,dbo,DetNotaCreditoDesc,Dealer,dbo,Bodega,Dealer
FK_DetNotaCreditoDesc_Bodega,dbo,DetNotaCreditoDesc,Bodega,dbo,Bodega,Bodega
FK_DiaRuta_Dealer,dbo,DiaRuta,CodPais,dbo,Dealer,CodPais
FK_DiaRuta_Pais,dbo,DiaRuta,CodPais,dbo,Pais,CodPais
FK_DiaRuta_Dealer,dbo,DiaRuta,Dealer,dbo,Dealer,Codigo
FK_SUPERV_PAIS,dbo,Supervisor,CodPais,dbo,Pais,CodPais
FK_DetDespacho_Despacho,dbo,DetDespacho,CodPais,dbo,Despacho,CodPais
FK_DetDespacho_Despacho,dbo,DetDespacho,Dealer,dbo,Despacho,Dealer
FK_DetDespacho_Despacho,dbo,DetDespacho,Tda,dbo,Despacho,Tda
FK_DetDespacho_Despacho,dbo,DetDespacho,DespachoNo,dbo,Despacho,DespachoNo
FK_ProvisionContrato_Contrato,dbo,ProvisionContrato,CodPais,dbo,Contrato,CodPais
FK_ProvisionContrato_Contrato,dbo,ProvisionContrato,Dealer,dbo,Contrato,Dealer
FK_ProvisionContrato_Contrato,dbo,ProvisionContrato,Tda,dbo,Contrato,Tda
FK_ProvisionContrato_Contrato,dbo,ProvisionContrato,ContratoNo,dbo,Contrato,ContratoNo
FK_BitacoraCD_Dealer,dbo,BitacoraCD,CodPais,dbo,Dealer,CodPais
FK_BitacoraCD_Pais,dbo,BitacoraCD,CodPais,dbo,Pais,CodPais
FK_BitacoraCD_Dealer,dbo,BitacoraCD,Dealer,dbo,Dealer,Codigo
FK_COORD_PAIS,dbo,Coordinador,CodPais,dbo,Pais,CodPais
FK_AbonoCuenta_Cajero,dbo,AbonoCuenta,CodPais,dbo,Cajero,CodPais
FK_AbonoCuenta_Cajero,dbo,AbonoCuenta,Dealer,dbo,Cajero,Dealer
FK_AbonoCuenta_Cajero,dbo,AbonoCuenta,Cajero,dbo,Cajero,Codigo
FK_Referencias_Dealer,dbo,ReferenciasBanco,CodPais,dbo,Dealer,CodPais
FK_Referencias_Paises,dbo,ReferenciasBanco,CodPais,dbo,Pais,CodPais
FK_ReferenciaSocilitud,dbo,ReferenciasBanco,CodPais,dbo,SolicitudAfiliacion,CodPais
FK_Referencias_Dealer,dbo,ReferenciasBanco,Dealer,dbo,Dealer,Codigo
FK_ReferenciaSocilitud,dbo,ReferenciasBanco,Dealer,dbo,SolicitudAfiliacion,Dealer
FK_ReferenciaSocilitud,dbo,ReferenciasBanco,SolicitudNo,dbo,SolicitudAfiliacion,SolicitudNo
FK_BodegaOperario_Bodega,dbo,BodegaOperario,CodPais,dbo,Bodega,CodPais
FK_BodegaOperario_Dealer,dbo,BodegaOperario,CodPais,dbo,Dealer,CodPais
FK_BodegaOperario_Pais,dbo,BodegaOperario,CodPais,dbo,Pais,CodPais
FK_BodegaOperario_Bodega,dbo,BodegaOperario,Dealer,dbo,Bodega,Dealer
FK_BodegaOperario_Dealer,dbo,BodegaOperario,Dealer,dbo,Dealer,Codigo
FK_BodegaOperario_Bodega,dbo,BodegaOperario,Bodega,dbo,Bodega,Bodega
FK_Bodega_Dealer,dbo,Bodega,CodPais,dbo,Dealer,CodPais
FK_Bodega_Pais,dbo,Bodega,CodPais,dbo,Pais,CodPais
FK_Bodega_Dealer,dbo,Bodega,Dealer,dbo,Dealer,Codigo
FK_RefComercio,dbo,ReferenciasComercio,CodPais,dbo,SolicitudAfiliacion,CodPais
FK_RefDealer,dbo,ReferenciasComercio,CodPais,dbo,Dealer,CodPais
FK_RefPaises,dbo,ReferenciasComercio,CodPais,dbo,Pais,CodPais
FK_RefComercio,dbo,ReferenciasComercio,Dealer,dbo,SolicitudAfiliacion,Dealer
FK_RefDealer,dbo,ReferenciasComercio,Dealer,dbo,Dealer,Codigo
FK_RefComercio,dbo,ReferenciasComercio,SolicitudNo,dbo,SolicitudAfiliacion,SolicitudNo
FK_DetAnulaciones_BODEGAS,dbo,DetAnulacion,CodPais,dbo,Bodega,CodPais
FK_DetAnulaciones_FactAnuladas,dbo,DetAnulacion,CodPais,dbo,FactAnulada,CodPais
FK_DetAnulaciones_Inventario,dbo,DetAnulacion,CodPais,dbo,Inventario,CodPais
FK_DetAnulaciones_BODEGAS,dbo,DetAnulacion,Dealer,dbo,Bodega,Dealer
FK_DetAnulaciones_FactAnuladas,dbo,DetAnulacion,Dealer,dbo,FactAnulada,Dealer
FK_DetAnulaciones_Inventario,dbo,DetAnulacion,Dealer,dbo,Inventario,Dealer
FK_DetAnulaciones_FactAnuladas,dbo,DetAnulacion,Tda,dbo,FactAnulada,Tda
FK_DetAnulaciones_FactAnuladas,dbo,DetAnulacion,Serie,dbo,FactAnulada,Serie
FK_DetAnulaciones_FactAnuladas,dbo,DetAnulacion,TipoDoc,dbo,FactAnulada,TipoDoc
FK_DetAnulaciones_FactAnuladas,dbo,DetAnulacion,DocNo,dbo,FactAnulada,DocNo
FK_DetAnulaciones_BODEGAS,dbo,DetAnulacion,Bodega,dbo,Bodega,Bodega
FK_DetAnulaciones_Inventario,dbo,DetAnulacion,Codigo,dbo,Inventario,Codigo
FK_Cargo_Dealer,dbo,Cargo,CodPais,dbo,Dealer,CodPais
FK_Cargo_Pais,dbo,Cargo,CodPais,dbo,Pais,CodPais
FK_Cargo_Dealer,dbo,Cargo,Dealer,dbo,Dealer,Codigo
FK_INGRESO_TIENDA_BODEGAS,dbo,IngresoTienda,CodPais,dbo,Bodega,CodPais
FK_INGRESO_TIENDA_DEALERS,dbo,IngresoTienda,CodPais,dbo,Dealer,CodPais
FK_INGRESO_TIENDA_PAISES,dbo,IngresoTienda,CodPais,dbo,Pais,CodPais
FK_INGRESO_TIENDA_BODEGAS,dbo,IngresoTienda,Dealer,dbo,Bodega,Dealer
FK_INGRESO_TIENDA_DEALERS,dbo,IngresoTienda,Dealer,dbo,Dealer,Codigo
FK_INGRESO_TIENDA_BODEGAS,dbo,IngresoTienda,Bodega,dbo,Bodega,Bodega
FK_Documento_Dealer,dbo,Documento,CodPais,dbo,Dealer,CodPais
FK_Documento_Pais,dbo,Documento,CodPais,dbo,Pais,CodPais
FK_Documento_Dealer,dbo,Documento,Dealer,dbo,Dealer,Codigo
FK_DescuentoPermanente_TipoDevDesc,dbo,DescuentoPermanente,CodPais,dbo,TipoDevDesc,CodPais
FK_DescuentoPermanente_TipoDevDesc,dbo,DescuentoPermanente,Dealer,dbo,TipoDevDesc,Dealer
FK_DescuentoPermanente_TipoDevDesc,dbo,DescuentoPermanente,Codigo,dbo,TipoDevDesc,Codigo
FK_GroupRights_GruposDerechos,dbo,GroupRights,GrupoCliente,dbo,GruposDerechos,GrupoCliente
FK_GroupRights_GruposDerechos,dbo,GroupRights,Groups,dbo,GruposDerechos,Grupo
FK_InventarioFisico_Bodega,dbo,InventarioFisico,CodPais,dbo,Bodega,CodPais
FK_InventarioFisico_Bodega,dbo,InventarioFisico,Dealer,dbo,Bodega,Dealer
FK_InventarioFisico_Bodega,dbo,InventarioFisico,Bodega,dbo,Bodega,Bodega
FK_DetReceta_Receta,dbo,DetReceta,CodPais,dbo,Receta,CodPais
FK_DetReceta_Receta,dbo,DetReceta,Dealer,dbo,Receta,Dealer
FK_DetReceta_Receta,dbo,DetReceta,Producto,dbo,Receta,Codigo
FK_DetReceta_Receta,dbo,DetReceta,Version,dbo,Receta,Version
FK_DetRemision_Bodega,dbo,DetRemision,CodPais,dbo,Bodega,CodPais
FK_DetRemision_Remision,dbo,DetRemision,CodPais,dbo,NotaRemision,CodPais
FK_DetRemision_Bodega,dbo,DetRemision,Dealer,dbo,Bodega,Dealer
FK_DetRemision_Remision,dbo,DetRemision,Dealer,dbo,NotaRemision,Dealer
FK_DetRemision_Remision,dbo,DetRemision,Tda,dbo,NotaRemision,Tda
FK_DetRemision_Remision,dbo,DetRemision,RemisionNo,dbo,NotaRemision,RemisionNo
FK_DetRemision_Bodega,dbo,DetRemision,Bodega,dbo,Bodega,Bodega
FK_SelOrdenCompra_OrdenCompra,dbo,SelOrdenCompra,CodPais,dbo,OrdenCompra,CodPais
FK_SelOrdenCompra_OrdenCompra,dbo,SelOrdenCompra,Dealer,dbo,OrdenCompra,Dealer
FK_SelOrdenCompra_OrdenCompra,dbo,SelOrdenCompra,Tda,dbo,OrdenCompra,Tda
FK_SelOrdenCompra_OrdenCompra,dbo,SelOrdenCompra,OrdenNo,dbo,OrdenCompra,OrdenCompra
FK_IFRUTA_BODEGA,dbo,InvFisicoRutas,CodPais,dbo,Bodega,CodPais
FK_IFRUTA_BODEGA,dbo,InvFisicoRutas,Dealer,dbo,Bodega,Dealer
FK_IFRUTA_BODEGA,dbo,InvFisicoRutas,Ruta,dbo,Bodega,Bodega
FK_Embarque_ContratoEmbarque1,dbo,Embarque,CodPais,dbo,ContratoEmbarque,CodPais
FK_Embarque_ContratoEmbarque1,dbo,Embarque,Dealer,dbo,ContratoEmbarque,Dealer
FK_Embarque_ContratoEmbarque1,dbo,Embarque,Correlativo,dbo,ContratoEmbarque,Correlativo
FK_Embarque_ContratoEmbarque1,dbo,Embarque,NoContrato,dbo,ContratoEmbarque,NoContrato
FK_Requisision_Bodega,dbo,Requisicion,CodPais,dbo,Bodega,CodPais
FK_Requisision_Bodega,dbo,Requisicion,Dealer,dbo,Bodega,Dealer
FK_Requisision_Bodega,dbo,Requisicion,Bodega,dbo,Bodega,Bodega
FkAnticipoVentaCliente,dbo,AnticipoVenta,CodPais,dbo,Cliente,CodPais
FkAnticipoVentaCliente,dbo,AnticipoVenta,Dealer,dbo,Cliente,Dealer
FkAnticipoVentaCliente,dbo,AnticipoVenta,ClienteNo,dbo,Cliente,ClienteNo
FK_TipoVendedor_Dealer,dbo,TipoVendedor,CodPais,dbo,Dealer,CodPais
FK_TipoVendedor_Pais,dbo,TipoVendedor,CodPais,dbo,Pais,CodPais
FK_TipoVendedor_Dealer,dbo,TipoVendedor,Dealer,dbo,Dealer,Codigo
FK__DetOrdenMedicaEm__6CB1EB31,dbo,DetOrdenMedicaEmpresarial,CodPais,dbo,OrdenMedicaEmpresarial,CodPais
FK__DetOrdenMedicaEm__6CB1EB31,dbo,DetOrdenMedicaEmpresarial,Dealer,dbo,OrdenMedicaEmpresarial,Dealer
FK__DetOrdenMedicaEm__6CB1EB31,dbo,DetOrdenMedicaEmpresarial,Tda,dbo,OrdenMedicaEmpresarial,Tda
FK__DetOrdenMedicaEm__6CB1EB31,dbo,DetOrdenMedicaEmpresarial,OrdenNo,dbo,OrdenMedicaEmpresarial,OrdenNo
FK_MovimientoPresup_Catalogo,dbo,MovimientoPresup,CodPais,dbo,Catalogo,CodPais
FK_MovimientoPresup_MesContable,dbo,MovimientoPresup,CodPais,dbo,MesContable,CodPais
FK_MovimientoPresup_PartidaPresup,dbo,MovimientoPresup,CodPais,dbo,PartidaPresup,CodPais
FK_MovimientoPresup_Catalogo,dbo,MovimientoPresup,Dealer,dbo,Catalogo,Dealer
FK_MovimientoPresup_MesContable,dbo,MovimientoPresup,Dealer,dbo,MesContable,Dealer
FK_MovimientoPresup_PartidaPresup,dbo,MovimientoPresup,Dealer,dbo,PartidaPresup,Dealer
FK_MovimientoPresup_Catalogo,dbo,MovimientoPresup,Mes,dbo,Catalogo,Mes
FK_MovimientoPresup_MesContable,dbo,MovimientoPresup,Mes,dbo,MesContable,Mes
FK_MovimientoPresup_PartidaPresup,dbo,MovimientoPresup,Mes,dbo,PartidaPresup,Mes
FK_MovimientoPresup_PartidaPresup,dbo,MovimientoPresup,Fecha,dbo,PartidaPresup,Fecha
FK_MovimientoPresup_PartidaPresup,dbo,MovimientoPresup,Partida,dbo,PartidaPresup,Partida
FK_MovimientoPresup_Catalogo,dbo,MovimientoPresup,Codigo,dbo,Catalogo,Codigo
FK_Compra_Proveedor,dbo,Compra,CodPais,dbo,Proveedor,CodPais
FK_Compra_Proveedor,dbo,Compra,Dealer,dbo,Proveedor,Dealer
FK_Compra_Proveedor,dbo,Compra,Proveedor,dbo,Proveedor,Codigo
FK_DifCaja_Dealer,dbo,DifCaja,CodPais,dbo,Dealer,CodPais
FK_DifCaja_Pais,dbo,DifCaja,CodPais,dbo,Pais,CodPais
FK_DifCaja_Dealer,dbo,DifCaja,Dealer,dbo,Dealer,Codigo
FK_DetCotizacion_Cotizacion,dbo,DetCotizacion,CodPais,dbo,Cotizacion,CodPais
FK_DetCotizacion_Inventario,dbo,DetCotizacion,CodPais,dbo,Inventario,CodPais
FK_DetCotizacion_Cotizacion,dbo,DetCotizacion,Dealer,dbo,Cotizacion,Dealer
FK_DetCotizacion_Inventario,dbo,DetCotizacion,Dealer,dbo,Inventario,Dealer
FK_DetCotizacion_Cotizacion,dbo,DetCotizacion,Tda,dbo,Cotizacion,Tda
FK_DetCotizacion_Cotizacion,dbo,DetCotizacion,CotizacionNo,dbo,Cotizacion,CotizacionNo
FK_DetCotizacion_Inventario,dbo,DetCotizacion,Codigo,dbo,Inventario,Codigo
FK_DetHojaProduccion_HojaProduccion,dbo,DetHojaProduccion,CodPais,dbo,HojaProduccion,CodPais
FK_DetHojaProduccion_HojaProduccion,dbo,DetHojaProduccion,Dealer,dbo,HojaProduccion,Dealer
FK_DetHojaProduccion_HojaProduccion,dbo,DetHojaProduccion,Tda,dbo,HojaProduccion,Tda
FK_DetHojaProduccion_HojaProduccion,dbo,DetHojaProduccion,HojaNo,dbo,HojaProduccion,HojaNo
FK_ENTCAJA_BODEGAS,dbo,EntCaja,CodPais,dbo,Bodega,CodPais
FK_ENTCAJA_BODEGAS,dbo,EntCaja,Dealer,dbo,Bodega,Dealer
FK_ENTCAJA_BODEGAS,dbo,EntCaja,Tda,dbo,Bodega,Bodega
FK_CorrTerminal_Dealer,dbo,CorrTerminal,CodPais,dbo,Dealer,CodPais
FK_CorrTerminal_Pais,dbo,CorrTerminal,CodPais,dbo,Pais,CodPais
FK_CorrTerminal_Dealer,dbo,CorrTerminal,Dealer,dbo,Dealer,Codigo
FK_LNC_NCREDITO,dbo,LINEAS_NC,CodPais,dbo,N_CREDITO,CodPais
FK_LNC_NCREDITO,dbo,LINEAS_NC,Dealer,dbo,N_CREDITO,Dealer
FK_LNC_NCREDITO,dbo,LINEAS_NC,Tda,dbo,N_CREDITO,Tda
FK_LNC_NCREDITO,dbo,LINEAS_NC,Serie_NC,dbo,N_CREDITO,Serie_NC
FK_LNC_NCREDITO,dbo,LINEAS_NC,No,dbo,N_CREDITO,No
FK_DetCompra_Compra,dbo,DetCompra,CodPais,dbo,Compra,CodPais
FK_DetCompra_Inventario,dbo,DetCompra,CodPais,dbo,Inventario,CodPais
FK_DetCompra_Compra,dbo,DetCompra,Dealer,dbo,Compra,Dealer
FK_DetCompra_Inventario,dbo,DetCompra,Dealer,dbo,Inventario,Dealer
FK_DetCompra_Compra,dbo,DetCompra,Tda,dbo,Compra,Tda
FK_DetCompra_Compra,dbo,DetCompra,CompraNo,dbo,Compra,CompraNo
FK_DetCompra_Inventario,dbo,DetCompra,Codigo,dbo,Inventario,Codigo
FK_ConsultaMultiple_Inventario,dbo,ConsultaMultiple,CodPais,dbo,Inventario,CodPais
FK_ConsultaMultiple_Inventario,dbo,ConsultaMultiple,Dealer,dbo,Inventario,Dealer
FK_ConsultaMultiple_Inventario,dbo,ConsultaMultiple,Codigo,dbo,Inventario,Codigo
FK__DetOrdenMedicaHo__735EE8C0,dbo,DetOrdenMedicaHospital,CodPais,dbo,OrdenMedicaHospital,CodPais
FK__DetOrdenMedicaHo__735EE8C0,dbo,DetOrdenMedicaHospital,Dealer,dbo,OrdenMedicaHospital,Dealer
FK__DetOrdenMedicaHo__735EE8C0,dbo,DetOrdenMedicaHospital,Tda,dbo,OrdenMedicaHospital,Tda
FK__DetOrdenMedicaHo__735EE8C0,dbo,DetOrdenMedicaHospital,OrdenNo,dbo,OrdenMedicaHospital,OrdenNo
FK_CertificadoFitosanitario_ContratoEmbarque,dbo,CertificadoFitosanitario,CodPais,dbo,ContratoEmbarque,CodPais
FK_CertificadoFitosanitario_ContratoEmbarque,dbo,CertificadoFitosanitario,Dealer,dbo,ContratoEmbarque,Dealer
FK_CertificadoFitosanitario_ContratoEmbarque,dbo,CertificadoFitosanitario,Correlativo,dbo,ContratoEmbarque,Correlativo
FK_CertificadoFitosanitario_ContratoEmbarque,dbo,CertificadoFitosanitario,NoContrato,dbo,ContratoEmbarque,NoContrato
FK_Partida_MesContable,dbo,Partida,CodPais,dbo,MesContable,CodPais
FK_Partida_MesContable,dbo,Partida,Dealer,dbo,MesContable,Dealer
FK_Partida_MesContable,dbo,Partida,Mes,dbo,MesContable,Mes
FK_LIQCERR_BODEGAS,dbo,LiqCerr,CodPais,dbo,Bodega,CodPais
FK_LIQCERR_BODEGAS,dbo,LiqCerr,Dealer,dbo,Bodega,Dealer
FK_LIQCERR_BODEGAS,dbo,LiqCerr,Tda,dbo,Bodega,Bodega
FK_Retaceo_Proveedor,dbo,Retaceo,CodPais,dbo,Proveedor,CodPais
FK_Retaceo_Proveedor,dbo,Retaceo,Dealer,dbo,Proveedor,Dealer
FK_Retaceo_Proveedor,dbo,Retaceo,Proveedor,dbo,Proveedor,Codigo
FK__UnidadProducto__2C9451DA,dbo,UnidadProducto,CodPais,dbo,Inventario,CodPais
FK__UnidadProducto__2C9451DA,dbo,UnidadProducto,Dealer,dbo,Inventario,Dealer
FK__UnidadProducto__2C9451DA,dbo,UnidadProducto,Codigo,dbo,Inventario,Codigo
FK_CodificacionChica_ComprasChica,dbo,CodificacionChica,CodPais,dbo,ComprasChica,CodPais
FK_CodificacionChica_ComprasChica,dbo,CodificacionChica,Dealer,dbo,ComprasChica,Dealer
FK_CodificacionChica_ComprasChica,dbo,CodificacionChica,Tda,dbo,ComprasChica,Tda
FK_CodificacionChica_ComprasChica,dbo,CodificacionChica,CompraNo,dbo,ComprasChica,CompraNo
FK_PartidaPresup_MesContable,dbo,PartidaPresup,CodPais,dbo,MesContable,CodPais
FK_PartidaPresup_MesContable,dbo,PartidaPresup,Dealer,dbo,MesContable,Dealer
FK_PartidaPresup_MesContable,dbo,PartidaPresup,Mes,dbo,MesContable,Mes
FK_EntregaProd_OrdenProduccion,dbo,EntregaProd,CodPais,dbo,OrdenProduccion,CodPais
FK_EntregaProd_OrdenProduccion,dbo,EntregaProd,Dealer,dbo,OrdenProduccion,Dealer
FK_EntregaProd_OrdenProduccion,dbo,EntregaProd,Serie,dbo,OrdenProduccion,Serie
FK_EntregaProd_OrdenProduccion,dbo,EntregaProd,OrdenNo,dbo,OrdenProduccion,OrdenNo
FK__Precios__2F70BE85,dbo,Precios,CodPais,dbo,Inventario,CodPais
FK__Precios__2F70BE85,dbo,Precios,Dealer,dbo,Inventario,Dealer
FK__Precios__2F70BE85,dbo,Precios,Codigo,dbo,Inventario,Codigo
PK_CONTACTO_USER,dbo,UserContact,CodPais,dbo,CorreoUsuario,CodPais
PK_CONTACTO_USER,dbo,UserContact,Dealer,dbo,CorreoUsuario,Dealer
PK_CONTACTO_USER,dbo,UserContact,Usuario,dbo,CorreoUsuario,Usuario
fk_Fact_ClienteNo,dbo,Factura,CodPais,dbo,Cliente,CodPais
fk_Fact_ClienteNo,dbo,Factura,Dealer,dbo,Cliente,Dealer
fk_Fact_ClienteNo,dbo,Factura,ClienteNo,dbo,Cliente,ClienteNo
FK_RUTA_DEALER,dbo,RUTAS,CodPais,dbo,Dealer,CodPais
FK_RUTA_DEALER,dbo,RUTAS,Dealer,dbo,Dealer,Codigo
FK_SalasVenta_Dealer,dbo,SalasVenta,CodPais,dbo,Dealer,CodPais
FK_SalasVenta_Pais,dbo,SalasVenta,CodPais,dbo,Pais,CodPais
FK_SalasVenta_Dealer,dbo,SalasVenta,Dealer,dbo,Dealer,Codigo
FK_SaldoCC_Catalogo,dbo,SaldoCC,CodPais,dbo,Catalogo,CodPais
FK_SaldoCC_CCosto,dbo,SaldoCC,CodPais,dbo,CCosto,CodPais
FK_SaldoCC_MesContable,dbo,SaldoCC,CodPais,dbo,MesContable,CodPais
FK_SaldoCC_Catalogo,dbo,SaldoCC,Dealer,dbo,Catalogo,Dealer
FK_SaldoCC_CCosto,dbo,SaldoCC,Dealer,dbo,CCosto,Dealer
FK_SaldoCC_MesContable,dbo,SaldoCC,Dealer,dbo,MesContable,Dealer
FK_SaldoCC_Catalogo,dbo,SaldoCC,Mes,dbo,Catalogo,Mes
FK_SaldoCC_MesContable,dbo,SaldoCC,Mes,dbo,MesContable,Mes
FK_SaldoCC_Catalogo,dbo,SaldoCC,Codigo,dbo,Catalogo,Codigo
FK_SaldoCC_CCosto,dbo,SaldoCC,CdCosto,dbo,CCosto,Codigo
FK_BodegaPrepara_Bodega,dbo,BodegaPrepara,CodPais,dbo,Bodega,CodPais
FK_BodegaPrepara_Dealer,dbo,BodegaPrepara,CodPais,dbo,Dealer,CodPais
FK_BodegaPrepara_Pais,dbo,BodegaPrepara,CodPais,dbo,Pais,CodPais
FK_BodegaPrepara_Tda,dbo,BodegaPrepara,CodPais,dbo,Sucursal,CodPais
FK_BodegaPrepara_Bodega,dbo,BodegaPrepara,Dealer,dbo,Bodega,Dealer
FK_BodegaPrepara_Dealer,dbo,BodegaPrepara,Dealer,dbo,Dealer,Codigo
FK_BodegaPrepara_Tda,dbo,BodegaPrepara,Dealer,dbo,Sucursal,Dealer
FK_BodegaPrepara_Tda,dbo,BodegaPrepara,Tda,dbo,Sucursal,Sucursal
FK_BodegaPrepara_Bodega,dbo,BodegaPrepara,Bodega,dbo,Bodega,Bodega
fk_FactAn_ClienteNo,dbo,FactAnulada,CodPais,dbo,Cliente,CodPais
fk_FactAn_ClienteNo,dbo,FactAnulada,Dealer,dbo,Cliente,Dealer
fk_FactAn_ClienteNo,dbo,FactAnulada,ClienteNo,dbo,Cliente,ClienteNo
FK__KitVarian__KitId__4183C6C3,dbo,KitVariantesIntermed,KitId,dbo,Kit,ID
FK_Conversion_Pais,dbo,Conversion,CodPais,dbo,Pais,CodPais
FK_Conversion_Sucursal,dbo,Conversion,CodPais,dbo,Sucursal,CodPais
FK_Conversion_Dealer,dbo,Conversion,CodPais,dbo,Dealer,CodPais
FK_Conversion_Sucursal,dbo,Conversion,Dealer,dbo,Sucursal,Dealer
FK_Conversion_Dealer,dbo,Conversion,Dealer,dbo,Dealer,Codigo
FK_Conversion_Sucursal,dbo,Conversion,Tda,dbo,Sucursal,Sucursal
FK_CorteCaja_Cajero,dbo,CorteCaja,CodPais,dbo,Cajero,CodPais
FK_CorteCaja_Cajero,dbo,CorteCaja,Dealer,dbo,Cajero,Dealer
FK_CorteCaja_Cajero,dbo,CorteCaja,Cajero,dbo,Cajero,Codigo
FK_SERIALES_BOD,dbo,LoteSerie,CodPais,dbo,Bodega,CodPais
FK_SERIALES_BOD,dbo,LoteSerie,Dealer,dbo,Bodega,Dealer
FK_SERIALES_BOD,dbo,LoteSerie,Bodega,dbo,Bodega,Bodega
FK__CodigoBarra__28C3C0F6,dbo,CodigoBarra,CodPais,dbo,Inventario,CodPais
FK__CodigoBarra__28C3C0F6,dbo,CodigoBarra,Dealer,dbo,Inventario,Dealer
FK__CodigoBarra__28C3C0F6,dbo,CodigoBarra,Codigo,dbo,Inventario,Codigo
FK_CCosto_Dealer,dbo,CCosto,CodPais,dbo,Dealer,CodPais
FK_CCosto_Pais,dbo,CCosto,CodPais,dbo,Pais,CodPais
FK_CCosto_Dealer,dbo,CCosto,Dealer,dbo,Dealer,Codigo
FK_CodigoCompra_Dealer,dbo,CodigoCompra,CodPais,dbo,Dealer,CodPais
FK_CodigoCompra_Pais,dbo,CodigoCompra,CodPais,dbo,Pais,CodPais
FK_CodigoCompra_Dealer,dbo,CodigoCompra,Dealer,dbo,Dealer,Codigo
FK_AbonoProveedor_Compra,dbo,AbonoProveedor,CodPais,dbo,Compra,CodPais
FK_AbonoProveedor_Compra,dbo,AbonoProveedor,Dealer,dbo,Compra,Dealer
FK_AbonoProveedor_Compra,dbo,AbonoProveedor,Tda,dbo,Compra,Tda
FK_AbonoProveedor_Compra,dbo,AbonoProveedor,Proveedor,dbo,Compra,Proveedor
FK_AbonoProveedor_Compra,dbo,AbonoProveedor,SerieDoc,dbo,Compra,SerieDoc
FK_AbonoProveedor_Compra,dbo,AbonoProveedor,TipoDoc,dbo,Compra,TipoDoc
FK_AbonoProveedor_Compra,dbo,AbonoProveedor,DocNo,dbo,Compra,FacturaNo
FK_DetTraslado_Traslado,dbo,DetTraslado,CodPais,dbo,Traslado,CodPais
FK_DetTraslado_Bodega,dbo,DetTraslado,CodPais,dbo,Bodega,CodPais
FK_DetTraslado_Bodega1,dbo,DetTraslado,CodPais,dbo,Bodega,CodPais
FK_DetTraslado_Inventario,dbo,DetTraslado,CodPais,dbo,Inventario,CodPais
FK_DetTraslado_Traslado,dbo,DetTraslado,Dealer,dbo,Traslado,Dealer
FK_DetTraslado_Bodega,dbo,DetTraslado,Dealer,dbo,Bodega,Dealer
FK_DetTraslado_Bodega1,dbo,DetTraslado,Dealer,dbo,Bodega,Dealer
FK_DetTraslado_Inventario,dbo,DetTraslado,Dealer,dbo,Inventario,Dealer
FK_DetTraslado_Traslado,dbo,DetTraslado,Tda,dbo,Traslado,Tda
FK_DetTraslado_Traslado,dbo,DetTraslado,Serie,dbo,Traslado,Serie
FK_DetTraslado_Traslado,dbo,DetTraslado,TrasladoNo,dbo,Traslado,TrasladoNo
FK_DetTraslado_Inventario,dbo,DetTraslado,Codigo,dbo,Inventario,Codigo
FK_DetTraslado_Bodega,dbo,DetTraslado,DeBodega,dbo,Bodega,Bodega
FK_DetTraslado_Bodega1,dbo,DetTraslado,ParaBodega,dbo,Bodega,Bodega
FK_DetPedidoVta_Bodega,dbo,DetPedidoVta,CodPais,dbo,Bodega,CodPais
FK_DetPedidoVta_PedidoVta,dbo,DetPedidoVta,CodPais,dbo,PedidoVta,CodPais
FK_DetPedidoVta_Inventario,dbo,DetPedidoVta,CodPais,dbo,Inventario,CodPais
FK_DetPedidoVta_Bodega,dbo,DetPedidoVta,Dealer,dbo,Bodega,Dealer
FK_DetPedidoVta_PedidoVta,dbo,DetPedidoVta,Dealer,dbo,PedidoVta,Dealer
FK_DetPedidoVta_Inventario,dbo,DetPedidoVta,Dealer,dbo,Inventario,Dealer
FK_DetPedidoVta_PedidoVta,dbo,DetPedidoVta,Tda,dbo,PedidoVta,Tda
FK_DetPedidoVta_PedidoVta,dbo,DetPedidoVta,TipoPedido,dbo,PedidoVta,TipoPedido
FK_DetPedidoVta_PedidoVta,dbo,DetPedidoVta,PedidoNo,dbo,PedidoVta,Pedido
FK_DetPedidoVta_Bodega,dbo,DetPedidoVta,Bodega,dbo,Bodega,Bodega
FK_DetPedidoVta_Inventario,dbo,DetPedidoVta,Codigo,dbo,Inventario,Codigo
FK_GrupoBoton_Dealer,dbo,GrupoBoton,CodPais,dbo,Dealer,CodPais
FK_GrupoBoton_Pais,dbo,GrupoBoton,CodPais,dbo,Pais,CodPais
FK_GrupoBoton_Dealer,dbo,GrupoBoton,Dealer,dbo,Dealer,Codigo
FK_Subzona_Zona,dbo,Subzona,CodPais,dbo,Zona,CodPais
FK_Subzona_Zona,dbo,Subzona,Zona,dbo,Zona,Zona
FK_GuiaDigitacion_Dealer,dbo,GuiaDigitacion,CodPais,dbo,Dealer,CodPais
FK_GuiaDigitacion_Dealer,dbo,GuiaDigitacion,Dealer,dbo,Dealer,Codigo
FK_Chqs_Dealer,dbo,Chqs,CodPais,dbo,Dealer,CodPais
FK_Chqs_Pais,dbo,Chqs,CodPais,dbo,Pais,CodPais
FK_Chqs_Dealer,dbo,Chqs,Dealer,dbo,Dealer,Codigo
FK_SolDetTraslado_SolTraslado,dbo,SolDetTraslado,CodPais,dbo,SolTraslado,CodPais
FK_SolDetTraslado_SolTraslado,dbo,SolDetTraslado,Dealer,dbo,SolTraslado,Dealer
FK_SolDetTraslado_SolTraslado,dbo,SolDetTraslado,Tda,dbo,SolTraslado,Tda
FK_SolDetTraslado_SolTraslado,dbo,SolDetTraslado,Serie,dbo,SolTraslado,Serie
FK_SolDetTraslado_SolTraslado,dbo,SolDetTraslado,TrasladoNo,dbo,SolTraslado,TrasladoNo
FK_Cliente_Dealer,dbo,Cliente,CodPais,dbo,Dealer,CodPais
FK_Cliente_Municipio,dbo,Cliente,CodPais,dbo,Municipio,CodPais
FK_Cliente_Vendedor,dbo,Cliente,CodPais,dbo,Vendedor,CodPais
FK_Cliente_Pais,dbo,Cliente,CodPais,dbo,Pais,CodPais
FK_Cliente_TipoCliente,dbo,Cliente,CodPais,dbo,TipoCliente,CodPais
FK_Cliente_Dealer,dbo,Cliente,Dealer,dbo,Dealer,Codigo
FK_Cliente_Vendedor,dbo,Cliente,Dealer,dbo,Vendedor,Dealer
FK_Cliente_TipoCliente,dbo,Cliente,Dealer,dbo,TipoCliente,Dealer
FK_Cliente_Vendedor,dbo,Cliente,Vendedor,dbo,Vendedor,Vendedor
FK_Cliente_TipoCliente,dbo,Cliente,TipoCliente,dbo,TipoCliente,Tipo
FK_Cliente_Municipio,dbo,Cliente,CodMunicipio,dbo,Municipio,Codigo
FK_Clases_Paises,dbo,Clase,CodPais,dbo,Pais,CodPais
FK_Pais,dbo,Segmento,CodPais,dbo,Pais,CodPais
FK_Municipio_SubZona,dbo,Municipio,CodPais,dbo,Subzona,CodPais
FK_Municipio_SubZona,dbo,Municipio,SubZona,dbo,Subzona,Numero
FK_SerFactAnul_DetFactAnul,dbo,SerFactAnuladas,CodPais,dbo,DetAnulaciones,CodPais
FK_SerFactAnul_DetFactAnul,dbo,SerFactAnuladas,Dealer,dbo,DetAnulaciones,Dealer
FK_SerFactAnul_DetFactAnul,dbo,SerFactAnuladas,Tda,dbo,DetAnulaciones,Tda
FK_SerFactAnul_DetFactAnul,dbo,SerFactAnuladas,Tipo_Doc,dbo,DetAnulaciones,TipoDoc
FK_SerFactAnul_DetFactAnul,dbo,SerFactAnuladas,Doc_No,dbo,DetAnulaciones,DocNo
FK_SerFactAnul_DetFactAnul,dbo,SerFactAnuladas,Serie_Doc,dbo,DetAnulaciones,Serie
FK_SerFactAnul_DetFactAnul,dbo,SerFactAnuladas,LineaNo,dbo,DetAnulaciones,LineaNo
FK_PedidoVta_Bodega,dbo,PedidoVta,CodPais,dbo,Bodega,CodPais
FK_PedidoVta_Bodega,dbo,PedidoVta,Dealer,dbo,Bodega,Dealer
FK_PedidoVta_Bodega,dbo,PedidoVta,Bodega,dbo,Bodega,Bodega
FK_PlantillaPartida_PlantillaPartida,dbo,PlantillaPartida,CodPais,dbo,PlantillaPartida,CodPais
FK_PlantillaPartida_PlantillaPartida,dbo,PlantillaPartida,Dealer,dbo,PlantillaPartida,Dealer
FK_PlantillaPartida_PlantillaPartida,dbo,PlantillaPartida,PlantillaNo,dbo,PlantillaPartida,PlantillaNo
FK_DetOrdenCampestre_OrdenCampestre,dbo,DetOrdenCampestre,CodPais,dbo,OrdenCampestre,CodPais
FK_DetOrdenCampestre_OrdenCampestre,dbo,DetOrdenCampestre,Dealer,dbo,OrdenCampestre,Dealer
FK_DetOrdenCampestre_OrdenCampestre,dbo,DetOrdenCampestre,Tda,dbo,OrdenCampestre,Tda
FK_DetOrdenCampestre_OrdenCampestre,dbo,DetOrdenCampestre,OrdenNo,dbo,OrdenCampestre,OrdenNo
FK_ZONA_PAIS,dbo,ZONAS,CodPais,dbo,PAISES,CodPais
FK_DetIngBodega_Bodega,dbo,DetIngBodega,CodPais,dbo,Bodega,CodPais
FK_DetIngBodega_Inventario,dbo,DetIngBodega,CodPais,dbo,Inventario,CodPais
FK_DetIngBodega_Bodega,dbo,DetIngBodega,Dealer,dbo,Bodega,Dealer
FK_DetIngBodega_Inventario,dbo,DetIngBodega,Dealer,dbo,Inventario,Dealer
FK_DetIngBodega_Bodega,dbo,DetIngBodega,Bodega,dbo,Bodega,Bodega
FK_DetIngBodega_Inventario,dbo,DetIngBodega,Codigo,dbo,Inventario,Codigo
FK_DetFactura_Factura,dbo,DetFactura,CodPais,dbo,Factura,CodPais
FK_DetFactura_Inventario,dbo,DetFactura,CodPais,dbo,Inventario,CodPais
FK_DetFactura_Factura,dbo,DetFactura,Dealer,dbo,Factura,Dealer
FK_DetFactura_Inventario,dbo,DetFactura,Dealer,dbo,Inventario,Dealer
FK_DetFactura_Factura,dbo,DetFactura,Tda,dbo,Factura,Tda
FK_DetFactura_Factura,dbo,DetFactura,Serie,dbo,Factura,Serie
FK_DetFactura_Factura,dbo,DetFactura,Tipodoc,dbo,Factura,TipoDoc
FK_DetFactura_Factura,dbo,DetFactura,DocNo,dbo,Factura,DocNo
FK_DetFactura_Inventario,dbo,DetFactura,Codigo,dbo,Inventario,Codigo
FK_FacturaGuardada_Factura,dbo,FacturaGuardada,CodPais,dbo,FacturaTemp,CodPais
FK_FacturaGuardada_Factura,dbo,FacturaGuardada,Dealer,dbo,FacturaTemp,Dealer
FK_FacturaGuardada_Factura,dbo,FacturaGuardada,Tda,dbo,FacturaTemp,Tda
FK_FacturaGuardada_Factura,dbo,FacturaGuardada,TipoDoc,dbo,FacturaTemp,TipoDoc
FK_FacturaGuardada_Factura,dbo,FacturaGuardada,SerieDoc,dbo,FacturaTemp,Serie
FK_FacturaGuardada_Factura,dbo,FacturaGuardada,DocNo,dbo,FacturaTemp,DocNo
FK_UserRights_Dealer,dbo,UserRights,CodPais,dbo,Dealer,CodPais
FK_UserRights_Pais,dbo,UserRights,CodPais,dbo,Pais,CodPais
FK_UserRights_Dealer,dbo,UserRights,Dealer,dbo,Dealer,Codigo
FK_UserRights_UserLogins,dbo,UserRights,ParentIDRGT,dbo,UserLogins,LoginsId
FK_FacturaInventario_Factura,dbo,FacturaInventario,CodPais,dbo,Factura,CodPais
FK_FacturaInventario_Factura,dbo,FacturaInventario,Dealer,dbo,Factura,Dealer
FK_FacturaInventario_Factura,dbo,FacturaInventario,Tda,dbo,Factura,Tda
FK_FacturaInventario_Factura,dbo,FacturaInventario,TipoDoc,dbo,Factura,TipoDoc
FK_FacturaInventario_Factura,dbo,FacturaInventario,SerieDoc,dbo,Factura,Serie
FK_FacturaInventario_Factura,dbo,FacturaInventario,DocNo,dbo,Factura,DocNo
FK_Proveedor_Dealer,dbo,Proveedor,CodPais,dbo,Dealer,CodPais
FK_Proveedor_Pais,dbo,Proveedor,CodPais,dbo,Pais,CodPais
FK_Proveedor_Dealer,dbo,Proveedor,Dealer,dbo,Dealer,Codigo
FK_Base_Dealer,dbo,Base,CodPais,dbo,Dealer,CodPais
FK_Base_Pais,dbo,Base,CodPais,dbo,Pais,CodPais
FK_Base_Dealer,dbo,Base,Dealer,dbo,Dealer,Codigo
FK_MotivoNoConforme_Pais,dbo,MotivoNoConforme,CodPais,dbo,Pais,CodPais
fk_FactTempo_ClienteNo,dbo,FacturaTemporal,CodPais,dbo,Cliente,CodPais
fk_FactTempo_ClienteNo,dbo,FacturaTemporal,Dealer,dbo,Cliente,Dealer
fk_FactTempo_ClienteNo,dbo,FacturaTemporal,ClienteNo,dbo,Cliente,ClienteNo
FK_PreciosSubProductos_Inventario,dbo,PreciosSubProductos,CodPais,dbo,Inventario,CodPais
FK_PreciosSubProductos_Inventario,dbo,PreciosSubProductos,Dealer,dbo,Inventario,Dealer
FK_PreciosSubProductos_Inventario,dbo,PreciosSubProductos,Codigo,dbo,Inventario,Codigo
FK_TipoRequisicion_Dealer,dbo,TipoRequisicion,CodPais,dbo,Dealer,CodPais
FK_TipoRequisicion_Pais,dbo,TipoRequisicion,CodPais,dbo,Pais,CodPais
FK_TipoRequisicion_Dealer,dbo,TipoRequisicion,Dealer,dbo,Dealer,Codigo
FK_Consumo_Bodega,dbo,Consumo,CodPais,dbo,Bodega,CodPais
FK_Consumo_Bodega,dbo,Consumo,Dealer,dbo,Bodega,Dealer
FK_Consumo_Bodega,dbo,Consumo,Bodega,dbo,Bodega,Bodega
fk_FactTempoAv_ClienteNo,dbo,FacturaTemporalAv,CodPais,dbo,Cliente,CodPais
fk_FactTempoAv_ClienteNo,dbo,FacturaTemporalAv,Dealer,dbo,Cliente,Dealer
fk_FactTempoAv_ClienteNo,dbo,FacturaTemporalAv,ClienteNo,dbo,Cliente,ClienteNo
FK_LiquidadoresdeCaja_Pais,dbo,LiquidadoresdeCaja,CodPais,dbo,Pais,CodPais
FK_Configuracion_Dealer,dbo,Configuracion,CodPais,dbo,Dealer,CodPais
FK_Configuracion_Pais,dbo,Configuracion,CodPais,dbo,Pais,CodPais
FK_Configuracion_Dealer,dbo,Configuracion,Empresa,dbo,Dealer,Codigo
FK_ActividadEconomica_Pais,dbo,ActividadEconomica,CodPais,dbo,Pais,CodPais
FK_SaldoMes_Inventario,dbo,SaldoMensual,CodPais,dbo,Inventario,CodPais
FK_SaldoMes_Inventario,dbo,SaldoMensual,Dealer,dbo,Inventario,Dealer
FK_SaldoMes_Inventario,dbo,SaldoMensual,Codigo,dbo,Inventario,Codigo
FK_Sucursal_Dealer,dbo,Sucursal,CodPais,dbo,Dealer,CodPais
FK_Sucursal_Pais,dbo,Sucursal,CodPais,dbo,Pais,CodPais
FK_Sucursal_Dealer,dbo,Sucursal,Dealer,dbo,Dealer,Codigo
FK_PrepPedidos_Inventario,dbo,PrepPedido,CodPais,dbo,Inventario,CodPais
FK_PrepPedidos_Bodega,dbo,PrepPedido,CodPais,dbo,Bodega,CodPais
FK_PrepPedidos_Inventario,dbo,PrepPedido,Dealer,dbo,Inventario,Dealer
FK_PrepPedidos_Bodega,dbo,PrepPedido,Dealer,dbo,Bodega,Dealer
FK_PrepPedidos_Bodega,dbo,PrepPedido,Bodega,dbo,Bodega,Bodega
FK_PrepPedidos_Inventario,dbo,PrepPedido,Codigo,dbo,Inventario,Codigo
FK_DevengoDescuento_DetPlanilla,dbo,DevengoDescuento,CodPais,dbo,DetPlanilla,CodPais
FK_DevengoDescuento_DetPlanilla,dbo,DevengoDescuento,Dealer,dbo,DetPlanilla,Dealer
FK_DevengoDescuento_DetPlanilla,dbo,DevengoDescuento,Planilla,dbo,DetPlanilla,Planilla
FK_DevengoDescuento_DetPlanilla,dbo,DevengoDescuento,Empleado,dbo,DetPlanilla,Empleado
FK_Solicitud_Dealer,dbo,SolicitudAfiliacion,CodPais,dbo,Dealer,CodPais
FK_Solicitud_Pais,dbo,SolicitudAfiliacion,CodPais,dbo,Pais,CodPais
FK_Solicitud_Dealer,dbo,SolicitudAfiliacion,Dealer,dbo,Dealer,Codigo
FK_ManoObraProd_OrdenProduccion,dbo,ManoObraProd,CodPais,dbo,OrdenProduccion,CodPais
FK_ManoObraProd_OrdenProduccion,dbo,ManoObraProd,Dealer,dbo,OrdenProduccion,Dealer
FK_ManoObraProd_OrdenProduccion,dbo,ManoObraProd,Serie,dbo,OrdenProduccion,Serie
FK_ManoObraProd_OrdenProduccion,dbo,ManoObraProd,Orden,dbo,OrdenProduccion,OrdenNo
FK_DetFacturaTemp_FacturaTemp,dbo,DetFacturaTemp,CodPais,dbo,FacturaTemp,CodPais
FK_DetFacturaTemp_FacturaTemp,dbo,DetFacturaTemp,Dealer,dbo,FacturaTemp,Dealer
FK_DetFacturaTemp_FacturaTemp,dbo,DetFacturaTemp,Tda,dbo,FacturaTemp,Tda
FK_DetFacturaTemp_FacturaTemp,dbo,DetFacturaTemp,Serie,dbo,FacturaTemp,Serie
FK_DetFacturaTemp_FacturaTemp,dbo,DetFacturaTemp,Tipodoc,dbo,FacturaTemp,TipoDoc
FK_DetFacturaTemp_FacturaTemp,dbo,DetFacturaTemp,DocNo,dbo,FacturaTemp,DocNo
FK_SolDocAnexo,dbo,SolicitudDocAnexo,CodPais,dbo,SolicitudAfiliacion,CodPais
FK_SolDocAnexo,dbo,SolicitudDocAnexo,Dealer,dbo,SolicitudAfiliacion,Dealer
FK_SolDocAnexo,dbo,SolicitudDocAnexo,SolicitudNo,dbo,SolicitudAfiliacion,SolicitudNo
FK_MovimientoError_Dealer,dbo,MovimientoError,CodPais,dbo,Dealer,CodPais
FK_MovimientoError_MesContable,dbo,MovimientoError,CodPais,dbo,MesContable,CodPais
FK_MovimientoError_Pais,dbo,MovimientoError,CodPais,dbo,Pais,CodPais
FK_MovimientoError_Dealer,dbo,MovimientoError,Dealer,dbo,Dealer,Codigo
FK_MovimientoError_MesContable,dbo,MovimientoError,Dealer,dbo,MesContable,Dealer
FK_MovimientoError_MesContable,dbo,MovimientoError,Mes,dbo,MesContable,Mes
FK_PCONS_PAIS,dbo,PlanCons,CodPais,dbo,Pais,CodPais
FK_SubMotivo_NoConforme,dbo,SubMotivo,CodPais,dbo,MotivoNoConforme,CodPais
FK_SubMotivo_Pais,dbo,SubMotivo,CodPais,dbo,Pais,CodPais
FK_SubMotivo_NoConforme,dbo,SubMotivo,CodigoMotivo,dbo,MotivoNoConforme,Codigo
FK_CuentaUsuario_Tokens,dbo,CuentaUsuario,Token,dbo,Tokens,Token
FK_DetRequisicion_Requisicion,dbo,DetRequisicion,CodPais,dbo,Requisicion,CodPais
FK_DetRequisicion_Bodega,dbo,DetRequisicion,CodPais,dbo,Bodega,CodPais
FK_DetRequisicion_Inventario,dbo,DetRequisicion,CodPais,dbo,Inventario,CodPais
FK_DetRequisicion_Requisicion,dbo,DetRequisicion,Dealer,dbo,Requisicion,Dealer
FK_DetRequisicion_Bodega,dbo,DetRequisicion,Dealer,dbo,Bodega,Dealer
FK_DetRequisicion_Inventario,dbo,DetRequisicion,Dealer,dbo,Inventario,Dealer
FK_DetRequisicion_Requisicion,dbo,DetRequisicion,Tda,dbo,Requisicion,Tda
FK_DetRequisicion_Requisicion,dbo,DetRequisicion,Serie,dbo,Requisicion,Serie
FK_DetRequisicion_Requisicion,dbo,DetRequisicion,TipoReq,dbo,Requisicion,TipoReq
FK_DetRequisicion_Requisicion,dbo,DetRequisicion,ReqNo,dbo,Requisicion,ReqNo
FK_DetRequisicion_Bodega,dbo,DetRequisicion,Bodega,dbo,Bodega,Bodega
FK_DetRequisicion_Inventario,dbo,DetRequisicion,Codigo,dbo,Inventario,Codigo
FK_AFP_Dealer,dbo,AFP,CodPais,dbo,Dealer,CodPais
FK_AFP_Pais,dbo,AFP,CodPais,dbo,Pais,CodPais
FK_AFP_Dealer,dbo,AFP,Dealer,dbo,Dealer,Codigo
FK_DETINGRESO_INGRESO_TIENDA,dbo,DetIngreso,CodPais,dbo,IngresoTienda,CodPais
FK_DETINGRESO_INGRESO_TIENDA,dbo,DetIngreso,Dealer,dbo,IngresoTienda,Dealer
FK_DETINGRESO_INGRESO_TIENDA,dbo,DetIngreso,Tienda,dbo,IngresoTienda,Tienda
FK_DETINGRESO_INGRESO_TIENDA,dbo,DetIngreso,IngresoNo,dbo,IngresoTienda,IngresoNo
FK_DetConsumo_Inventario,dbo,DetConsumo,CodPais,dbo,Inventario,CodPais
FK_DetConsumo_Bodega,dbo,DetConsumo,CodPais,dbo,Bodega,CodPais
FK_DetConsumo_Requisicion,dbo,DetConsumo,CodPais,dbo,Consumo,CodPais
FK_DetConsumo_Inventario,dbo,DetConsumo,Dealer,dbo,Inventario,Dealer
FK_DetConsumo_Bodega,dbo,DetConsumo,Dealer,dbo,Bodega,Dealer
FK_DetConsumo_Requisicion,dbo,DetConsumo,Dealer,dbo,Consumo,Dealer
FK_DetConsumo_Requisicion,dbo,DetConsumo,Tda,dbo,Consumo,Tda
FK_DetConsumo_Requisicion,dbo,DetConsumo,Serie,dbo,Consumo,Serie
FK_DetConsumo_Requisicion,dbo,DetConsumo,TipoReq,dbo,Consumo,TipoReq
FK_DetConsumo_Requisicion,dbo,DetConsumo,ReqNo,dbo,Consumo,ReqNo
FK_DetConsumo_Bodega,dbo,DetConsumo,Bodega,dbo,Bodega,Bodega
FK_DetConsumo_Inventario,dbo,DetConsumo,Codigo,dbo,Inventario,Codigo
FK_NC_BODEGA,dbo,N_CREDITO,CodPais,dbo,BODEGAS,CodPais
FK_NC_BODEGA,dbo,N_CREDITO,Dealer,dbo,BODEGAS,Dealer
FK_NC_BODEGA,dbo,N_CREDITO,Tda,dbo,BODEGAS,Bodega
FK_MotivoRequisicion_Dealer,dbo,MotivoRequisicion,CodPais,dbo,Dealer,CodPais
FK_MotivoRequisicion_Pais,dbo,MotivoRequisicion,CodPais,dbo,Pais,CodPais
FK_MotivoRequisicion_Dealer,dbo,MotivoRequisicion,Dealer,dbo,Dealer,Codigo
FK_DetInventarioFisico_Bodega,dbo,DetInventarioFisico,CodPais,dbo,Bodega,CodPais
FK_DetInventarioFisico_Bodega,dbo,DetInventarioFisico,Dealer,dbo,Bodega,Dealer
FK_DetInventarioFisico_Bodega,dbo,DetInventarioFisico,Bodega,dbo,Bodega,Bodega
FK_SubSegmento,dbo,SubSegmento,CodPais,dbo,SolicitudAfiliacion,CodPais
FK_SubSegmento_Dealer,dbo,SubSegmento,CodPais,dbo,Dealer,CodPais
FK_SubSegmento_Paises,dbo,SubSegmento,CodPais,dbo,Pais,CodPais
FK_SubSegmento,dbo,SubSegmento,Dealer,dbo,SolicitudAfiliacion,Dealer
FK_SubSegmento_Dealer,dbo,SubSegmento,Dealer,dbo,Dealer,Codigo
FK_SubSegmento,dbo,SubSegmento,SolicitudNo,dbo,SolicitudAfiliacion,SolicitudNo
FK_CodificacionCompra_Compra,dbo,CodificacionCompra,CodPais,dbo,Compra,CodPais
FK_CodificacionCompra_Compra,dbo,CodificacionCompra,Dealer,dbo,Compra,Dealer
FK_CodificacionCompra_Compra,dbo,CodificacionCompra,Tda,dbo,Compra,Tda
FK_CodificacionCompra_Compra,dbo,CodificacionCompra,CompraNo,dbo,Compra,CompraNo
FK_Procedimiento_Pais,dbo,Procedimiento,CodPais,dbo,Pais,CodPais
FK_DetLiquidacion_Liquidacion,dbo,DetLiquidacion,CodPais,dbo,Liquidacion,CodPais
FK_DetLiquidacion_Liquidacion,dbo,DetLiquidacion,Dealer,dbo,Liquidacion,Dealer
FK_DetLiquidacion_Liquidacion,dbo,DetLiquidacion,Tda,dbo,Liquidacion,Tda
FK_DetLiquidacion_Liquidacion,dbo,DetLiquidacion,LiquidacionNo,dbo,Liquidacion,LiquidacionNo
FK_FactContrato_Contrato,dbo,FactContrato,CodPais,dbo,Contrato,CodPais
FK_FactContrato_Contrato,dbo,FactContrato,Dealer,dbo,Contrato,Dealer
FK_FactContrato_Contrato,dbo,FactContrato,Tda,dbo,Contrato,Tda
FK_FactContrato_Contrato,dbo,FactContrato,ContratoNo,dbo,Contrato,ContratoNo
FK_Catalogo_Dealer,dbo,Catalogo,CodPais,dbo,Dealer,CodPais
FK_Catalogo_Pais,dbo,Catalogo,CodPais,dbo,Pais,CodPais
FK_Catalogo_Dealer,dbo,Catalogo,Dealer,dbo,Dealer,Codigo
FK__DetRecibo__7C348977,dbo,DetRecibo,CodPais,dbo,Recibo,CodPais
FK__DetRecibo__7C348977,dbo,DetRecibo,Dealer,dbo,Recibo,Dealer
FK__DetRecibo__7C348977,dbo,DetRecibo,Tda,dbo,Recibo,Tda
FK__DetRecibo__7C348977,dbo,DetRecibo,Serie,dbo,Recibo,Serie
FK__DetRecibo__7C348977,dbo,DetRecibo,Recibo,dbo,Recibo,Recibo
FK_Importacion_Proveedor,dbo,Importacion,CodPais,dbo,Proveedor,CodPais
FK_Importacion_Proveedor,dbo,Importacion,Dealer,dbo,Proveedor,Dealer
FK_Importacion_Proveedor,dbo,Importacion,Proveedor,dbo,Proveedor,Codigo
FK_DetPedido_Pedido,dbo,DetPedido,CodPais,dbo,Pedido,CodPais
FK_DetPedido_Pedido,dbo,DetPedido,Dealer,dbo,Pedido,Dealer
FK_DetPedido_Pedido,dbo,DetPedido,Tda,dbo,Pedido,Tda
FK_DetPedido_Pedido,dbo,DetPedido,Tipo,dbo,Pedido,Tipo
FK_DetPedido_Pedido,dbo,DetPedido,SolicitudNo,dbo,Pedido,SolicitudNo
FK_NominaEmpleado_AFP,dbo,NominaEmpleado,CodPais,dbo,AFP,CodPais
FK_NominaEmpleado_Cargo,dbo,NominaEmpleado,CodPais,dbo,Cargo,CodPais
FK_NominaEmpleado_Dealer,dbo,NominaEmpleado,CodPais,dbo,Dealer,CodPais
FK_NominaEmpleado_Pais,dbo,NominaEmpleado,CodPais,dbo,Pais,CodPais
FK_NominaEmpleado_AFP,dbo,NominaEmpleado,Dealer,dbo,AFP,Dealer
FK_NominaEmpleado_Cargo,dbo,NominaEmpleado,Dealer,dbo,Cargo,Dealer
FK_NominaEmpleado_Dealer,dbo,NominaEmpleado,Dealer,dbo,Dealer,Codigo
FK_NominaEmpleado_Cargo,dbo,NominaEmpleado,CargoDesempeñado,dbo,Cargo,Cargo
FK_NominaEmpleado_AFP,dbo,NominaEmpleado,AFP,dbo,AFP,Codigo
FK__DetOrdenMedicaEx__6604EDA2,dbo,DetOrdenMedicaExterna,CodPais,dbo,OrdenMedicaExterna,CodPais
FK__DetOrdenMedicaEx__6604EDA2,dbo,DetOrdenMedicaExterna,Dealer,dbo,OrdenMedicaExterna,Dealer
FK__DetOrdenMedicaEx__6604EDA2,dbo,DetOrdenMedicaExterna,Tda,dbo,OrdenMedicaExterna,Tda
FK__DetOrdenMedicaEx__6604EDA2,dbo,DetOrdenMedicaExterna,OrdenNo,dbo,OrdenMedicaExterna,OrdenNo
FK_DetImportacion_Bodega,dbo,DetImportacion,CodPais,dbo,Bodega,CodPais
FK_DetImportacion_Inventario,dbo,DetImportacion,CodPais,dbo,Inventario,CodPais
FK_DetImportacion_Importacion,dbo,DetImportacion,CodPais,dbo,Importacion,CodPais
FK_DetImportacion_Bodega,dbo,DetImportacion,Dealer,dbo,Bodega,Dealer
FK_DetImportacion_Inventario,dbo,DetImportacion,Dealer,dbo,Inventario,Dealer
FK_DetImportacion_Importacion,dbo,DetImportacion,Dealer,dbo,Importacion,Dealer
FK_DetImportacion_Importacion,dbo,DetImportacion,ImportacionNo,dbo,Importacion,ImportacionNo
FK_DetImportacion_Bodega,dbo,DetImportacion,Bodega,dbo,Bodega,Bodega
FK_DetImportacion_Inventario,dbo,DetImportacion,Codigo,dbo,Inventario,Codigo
FK_Inventario_Linea,dbo,Inventario,CodPais,dbo,Linea,CodPais
FK_Inventario_Pais,dbo,Inventario,CodPais,dbo,Pais,CodPais
FK_Inventario_Dealer,dbo,Inventario,CodPais,dbo,Dealer,CodPais
FK_Inventario_Clase,dbo,Inventario,CodPais,dbo,Clase,CodPais
FK_Inventario_Linea,dbo,Inventario,Dealer,dbo,Linea,Dealer
FK_Inventario_Dealer,dbo,Inventario,Dealer,dbo,Dealer,Codigo
FK_Inventario_Clase,dbo,Inventario,Dealer,dbo,Clase,Dealer
FK_Inventario_Linea,dbo,Inventario,Linea,dbo,Linea,Linea
FK_Inventario_Clase,dbo,Inventario,Clase,dbo,Clase,Clase
FK_DetPedidoBods_PedidoBods,dbo,DetPedidoBods,CodPais,dbo,PedidoBods,CodPais
FK_DetPedidoBods_PedidoBods,dbo,DetPedidoBods,Dealer,dbo,PedidoBods,Dealer
FK_DetPedidoBods_PedidoBods,dbo,DetPedidoBods,Tda,dbo,PedidoBods,Tda
FK_DetPedidoBods_PedidoBods,dbo,DetPedidoBods,TipoPedido,dbo,PedidoBods,TipoPedido
FK_DetPedidoBods_PedidoBods,dbo,DetPedidoBods,PedidoNo,dbo,PedidoBods,PedidoNo
FK_NotaPlanilla_DetPlanilla,dbo,NotaPlanilla,CodPais,dbo,DetPlanilla,CodPais
FK_NotaPlanilla_DetPlanilla,dbo,NotaPlanilla,Dealer,dbo,DetPlanilla,Dealer
FK_NotaPlanilla_DetPlanilla,dbo,NotaPlanilla,Planilla,dbo,DetPlanilla,Planilla
FK_NotaPlanilla_DetPlanilla,dbo,NotaPlanilla,Empleado,dbo,DetPlanilla,Empleado
FK_ActividadGiro,dbo,GiroNegocio,CodPais,dbo,ActividadEconomica,CodPais
FK_ActividadGiro,dbo,GiroNegocio,ActividadEconomica,dbo,ActividadEconomica,Codigo
FK_FactEntrega_Inventario,dbo,FactEntrega,CodPais,dbo,Inventario,CodPais
FK_FactEntrega_Inventario,dbo,FactEntrega,Dealer,dbo,Inventario,Dealer
FK_FactEntrega_Inventario,dbo,FactEntrega,Codigo,dbo,Inventario,Codigo
FK_UsoOrdenCompra_OrdenCompra,dbo,UsoOrdenCompra,CodPais,dbo,OrdenCompra,CodPais
FK_UsoOrdenCompra_OrdenCompra,dbo,UsoOrdenCompra,Dealer,dbo,OrdenCompra,Dealer
FK_UsoOrdenCompra_OrdenCompra,dbo,UsoOrdenCompra,Tda,dbo,OrdenCompra,Tda
FK_UsoOrdenCompra_OrdenCompra,dbo,UsoOrdenCompra,OrdenNo,dbo,OrdenCompra,OrdenCompra
FK_TipoCliente_Dealer,dbo,TipoCliente,CodPais,dbo,Dealer,CodPais
FK_TipoCliente_Pais,dbo,TipoCliente,CodPais,dbo,Pais,CodPais
FK_TipoCliente_Dealer,dbo,TipoCliente,Dealer,dbo,Dealer,Codigo
FK_Vendedor_Dealer,dbo,Vendedor,CodPais,dbo,Dealer,CodPais
FK_Vendedor_Pais,dbo,Vendedor,CodPais,dbo,Pais,CodPais
FK_Vendedor_TipoVendedor,dbo,Vendedor,CodPais,dbo,TipoVendedor,CodPais
FK_Vendedor_Dealer,dbo,Vendedor,Dealer,dbo,Dealer,Codigo
FK_Vendedor_TipoVendedor,dbo,Vendedor,Dealer,dbo,TipoVendedor,Dealer
FK_Vendedor_TipoVendedor,dbo,Vendedor,TipoVendedor,dbo,TipoVendedor,Tipo
FK_NotaTarja_ContratoEmbarque,dbo,NotaTarja,CodPais,dbo,ContratoEmbarque,CodPais
FK_NotaTarja_ContratoEmbarque,dbo,NotaTarja,Dealer,dbo,ContratoEmbarque,Dealer
FK_NotaTarja_ContratoEmbarque,dbo,NotaTarja,Correlativo,dbo,ContratoEmbarque,Correlativo
FK_NotaTarja_ContratoEmbarque,dbo,NotaTarja,NoContrato,dbo,ContratoEmbarque,NoContrato
FK_DetMaterialesProd_Bodega,dbo,DetMaterialProd,CodPais,dbo,Bodega,CodPais
FK_DetMaterialesProd_DEALERS,dbo,DetMaterialProd,CodPais,dbo,Dealer,CodPais
FK_DetMaterialesProd_PAISES,dbo,DetMaterialProd,CodPais,dbo,Pais,CodPais
FK_DetMaterialesProd_Bodega,dbo,DetMaterialProd,Dealer,dbo,Bodega,Dealer
FK_DetMaterialesProd_DEALERS,dbo,DetMaterialProd,Dealer,dbo,Dealer,Codigo
FK_DetMaterialesProd_Bodega,dbo,DetMaterialProd,Bodega,dbo,Bodega,Bodega
